,TxnTime,Consumption
0,16:55,1.01
1,21:45,0.908
2,12:24,0.926
3,4:07,0.928
4,6:52,0.916
5,10:20,0.972
6,15:32,0.878
7,19:23,1.902
8,11:19,0.9
9,14:52,0.928
10,23:53,0.994
11,1:41,1.85
12,10:39,0.896
13,6:32,0.964
14,15:12,0.906
15,12:45,0.904
16,22:05,0.904
17,7:14,1.02
18,2:47,1.092
19,0:42,0.904
20,3:47,0.92
21,20:44,0.884
22,16:12,0.876
23,12:05,0.976
24,3:06,0.924
25,1:01,0.904
26,11:43,1.09
27,23:31,0.964
28,10:59,0.942
29,2:22,1.878
30,20:03,0.892
31,14:31,0.972
32,9:58,0.918
33,5:51,0.9
34,14:10,0.9
35,18:42,0.87
36,22:49,0.964
37,4:28,0.944
38,8:38,0.946
39,13:50,1.052
40,22:28,1.052
41,7:34,0.92
42,3:27,0.944
43,0:22,1.03
44,20:24,0.94
45,15:53,0.978
46,17:39,0.922
47,21:25,0.92
48,13:06,0.956
49,5:07,0.93
50,8:17,1.962
51,16:33,0.936
52,21:05,0.976
53,6:11,0.928
54,19:44,0.932
55,13:27,0.964
56,9:38,1.88
57,5:31,1.098
58,18:22,1.98
59,23:09,0.93
60,4:48,0.896
61,8:57,0.92
62,17:18,1.05
63,5:45,0.962
64,1:56,0.872
65,12:42,2.914
66,15:44,3.688
67,13:23,6.33
68,2:16,0.94
69,10:17,5.948
70,7:07,0.92
71,13:43,2.824
72,17:26,9.778
73,6:27,1.002
74,14:42,5.754
75,17:47,4.9
76,10:57,4.534
77,7:29,1.03
78,3:21,1.124
79,3:41,0.89
80,11:19,5.314
81,23:56,1.172
82,23:31,14.95
83,16:04,3.238
84,22:42,16.92
85,4:02,0.93
86,8:31,17.884
87,18:07,4.718
88,1:37,0.98
89,9:34,27.108
90,9:55,6.612
91,6:47,0.936
92,16:45,3.336
93,2:57,0.948
94,18:48,4.934
95,11:39,4.652
96,15:25,3.086
97,19:37,7.482
98,20:20,11.704
99,19:11,6.18
100,14:03,1.856
101,0:55,0.928
102,7:50,9.862
103,2:37,0.908
104,16:26,3.56
105,15:04,2.366
106,12:23,7.676
107,4:41,1.82
108,0:12,0.906
109,18:29,5.004
110,5:23,1.93
111,0:34,0.994
112,21:23,5.738
113,21:49,8.618
114,21:02,6.434
115,20:40,5.234
116,6:05,0.954
117,1:16,0.968
118,10:38,5.2
119,19:17,5.3
120,14:40,3.844
121,23:26,5.712
122,17:12,3.588
123,21:22,12.324
124,16:31,6.144
125,19:59,5.622
126,23:47,5.3
127,16:52,3.54
128,10:02,9.792
129,9:24,11.068
130,8:47,9.94
131,10:43,8.698
132,11:22,7.328
133,18:56,5.614
134,17:54,5.028
135,2:28,1.564
136,3:32,1.536
137,2:58,1.382
138,4:00,1.324
139,4:31,1.372
140,18:34,5.23
141,22:05,6.522
142,5:01,1.368
143,5:38,1.688
144,6:17,1.776
145,8:09,8.18
146,7:31,4.638
147,6:54,1.714
148,21:42,6.268
149,15:25,2.586
150,22:24,6.594
151,18:14,4.216
152,15:04,3.01
153,22:45,6.088
154,12:04,6.68
155,12:44,5.896
156,13:24,5.578
157,14:04,5.604
158,15:48,2.556
159,19:39,5.606
160,23:06,6.068
161,17:33,4.744
162,20:40,12.604
163,1:24,1.414
164,1:53,1.332
165,0:53,1.4
166,0:22,1.186
167,13:55,3.066
168,10:01,12.024
169,5:52,0.898
170,1:27,0.908
171,20:33,2.454
172,3:31,0.934
173,22:57,7.056
174,19:09,4.664
175,7:58,5.89
176,11:27,4.488
177,4:53,0.99
178,8:59,6.606
179,0:07,0.924
180,12:30,3.894
181,15:43,2.226
182,23:18,7.384
183,7:38,7.206
184,14:38,1.236
185,18:27,2.208
186,5:13,0.89
187,1:08,0.964
188,12:51,3.516
189,16:43,2.152
190,14:16,1.788
191,10:45,4.37
192,18:06,2.328
193,22:16,15.97
194,21:13,2.52
195,2:30,0.924
196,6:56,0.994
197,6:56,0.994
198,17:24,2.194
199,5:32,0.88
200,0:47,0.9
201,21:34,3.946
202,17:04,2.224
203,13:13,3.608
204,8:19,4.454
205,3:10,0.904
206,20:53,2.31
207,2:50,0.922
208,19:50,2.612
209,15:01,4.944
210,16:23,2.11
211,9:21,8.328
212,0:27,0.924
213,20:11,2.428
214,22:38,8.014
215,19:28,2.216
216,16:03,2.094
217,12:10,4.364
218,4:11,1.854
219,15:22,5.822
220,8:40,8.33
221,11:48,4.712
222,4:32,0.95
223,13:35,3.496
224,17:44,2.11
225,10:23,5.66
226,1:50,1.008
227,6:34,1.914
228,11:06,4.762
229,2:10,0.924
230,23:40,7.636
231,9:58,9.348
232,5:47,0.88
233,13:51,6.236
234,11:42,7.128
235,19:23,9.162
236,9:37,8.282
237,2:03,0.914
238,13:30,5.836
239,17:20,5.988
240,21:36,18.236
241,10:40,8.144
242,18:22,14.78
243,6:49,0.952
244,2:45,0.994
245,22:17,9.046
246,22:17,9.046
247,8:13,7.898
248,3:46,0.926
249,12:04,7.156
250,15:35,5.23
251,12:46,6.73
252,16:58,5.214
253,20:55,8.552
254,4:46,0.93
255,1:01,0.882
256,7:51,7.228
257,3:05,0.912
258,15:15,5.586
259,22:37,8.992
260,0:00,3.562
261,4:26,0.912
262,12:24,6.158
263,20:15,8.484
264,19:03,4.656
265,22:58,9.316
266,14:54,11.89
267,7:31,3.946
268,11:20,6.134
269,3:26,0.926
270,7:09,0.942
271,11:00,7.402
272,2:24,0.966
273,18:41,5.542
274,23:19,9.12
275,23:41,8.886
276,16:17,5.936
277,4:06,0.91
278,14:11,5.858
279,17:40,7.338
280,10:19,8.054
281,6:09,1.0
282,1:42,0.976
283,21:57,8.554
284,6:28,0.88
285,1:21,0.922
286,5:28,0.884
287,9:17,9.588
288,15:57,5.64
289,19:54,9.75
290,8:57,19.178
291,0:42,0.976
292,5:08,1.014
293,0:21,0.936
294,13:08,6.844
295,16:39,6.07
296,20:35,9.272
297,6:10,0.966
298,1:22,0.904
299,10:07,9.134
300,13:23,7.5
301,16:58,6.898
302,17:58,8.248
303,14:06,5.114
304,0:43,1.022
305,5:49,0.896
306,2:44,0.926
307,17:17,6.202
308,14:27,7.886
309,20:44,9.112
310,15:32,6.81
311,18:40,16.176
312,23:06,17.772
313,7:54,9.11
314,12:17,6.874
315,12:17,6.874
316,21:46,9.256
317,17:38,7.254
318,2:04,0.938
319,10:28,8.26
320,5:29,0.974
321,1:02,0.888
322,9:24,10.182
323,20:03,8.976
324,15:10,6.798
325,23:47,2.784
326,19:01,8.388
327,16:14,7.082
328,11:32,7.744
329,7:33,4.242
330,3:23,0.912
331,10:50,7.872
332,21:05,9.332
333,6:51,1.872
334,22:27,8.516
335,7:11,0.944
336,11:11,7.516
337,2:24,0.884
338,12:39,8.126
339,19:22,8.388
340,4:27,2.924
341,0:00,2.102
342,14:49,6.432
343,3:04,0.894
344,11:55,7.7
345,22:07,9.256
346,9:45,9.274
347,5:08,0.904
348,13:46,7.124
349,1:44,0.994
350,21:25,8.972
351,12:59,6.392
352,20:24,8.424
353,16:36,7.168
354,9:01,9.29
355,0:21,0.918
356,4:48,0.96
357,19:42,7.54
358,15:53,7.012
359,8:40,20.82
360,23:28,9.312
361,2:54,0.932
362,8:06,9.496
363,8:06,9.496
364,23:49,17.26
365,16:35,6.04
366,19:58,8.204
367,18:58,7.012
368,8:27,9.14
369,3:57,0.944
370,6:41,0.944
371,13:28,6.146
372,20:41,8.78
373,16:56,6.348
374,13:07,8.168
375,0:48,0.93
376,4:56,1.816
377,23:07,8.142
378,17:16,7.238
379,10:09,8.546
380,2:13,1.99
381,5:59,0.908
382,4:16,0.924
383,15:12,6.11
384,21:02,9.436
385,15:33,5.678
386,12:19,6.534
387,8:48,8.868
388,19:19,8.548
389,22:47,9.064
390,21:23,8.716
391,7:24,0.934
392,11:58,7.578
393,17:36,6.258
394,18:38,8.118
395,14:51,5.838
396,10:54,8.008
397,1:30,0.99
398,21:45,8.484
399,5:38,0.986
400,1:08,0.9
401,13:49,5.63
402,11:15,6.81
403,3:36,0.892
404,18:17,7.17
405,22:26,8.072
406,12:41,7.052
407,16:14,6.34
408,5:17,0.946
409,0:29,1.91
410,14:09,5.98
411,17:55,7.132
412,7:03,1.028
413,2:34,0.96
414,7:45,8.934
415,3:16,0.976
416,11:36,7.174
417,19:39,7.36
418,22:07,9.192
419,14:30,6.018
420,10:30,8.632
421,15:53,5.868
422,6:20,0.988
423,9:47,25.282
424,20:19,7.964
425,0:10,0.974
426,6:13,0.988
427,9:47,0.986
428,17:25,0.914
429,3:22,1.002
430,12:33,0.898
431,18:07,0.932
432,23:45,0.926
433,6:54,0.896
434,15:22,0.964
435,8:20,2.022
436,12:13,0.968
437,17:46,0.968
438,22:39,0.952
439,10:09,0.994
440,0:30,0.912
441,15:41,0.86
442,19:06,0.898
443,14:36,0.896
444,10:51,0.914
445,5:52,0.992
446,23:24,1.022
447,4:03,0.924
448,8:42,1.022
449,16:04,0.992
450,21:58,0.992
451,22:17,0.896
452,16:44,0.924
453,21:16,0.98
454,4:25,1.008
455,1:33,0.96
456,5:09,1.014
457,9:25,1.982
458,17:05,0.96
459,13:15,1.028
460,13:56,0.92
461,20:55,1.952
462,1:12,0.972
463,5:30,0.96
464,0:51,0.94
465,4:47,1.002
466,11:52,0.864
467,16:23,0.922
468,21:36,0.912
469,10:31,1.032
470,14:17,0.924
471,20:08,0.956
472,2:16,1.988
473,6:34,0.948
474,7:35,0.948
475,11:12,0.94
476,2:59,0.976
477,2:38,0.996
478,7:15,0.948
479,11:33,0.96
480,15:01,1.116
481,19:47,1.868
482,12:52,0.894
483,3:43,0.966
484,13:36,0.948
485,18:46,1.77
486,23:02,1.062
487,20:54,8.784
488,9:09,0.912
489,23:41,18.39
490,19:52,0.94
491,16:44,1.016
492,13:18,0.962
493,9:30,0.996
494,5:02,0.946
495,0:04,0.926
496,18:50,1.882
497,15:20,0.964
498,10:32,0.97
499,2:37,0.952
500,21:57,8.878
501,10:11,1.898
502,13:59,0.9
503,7:06,0.894
504,6:47,0.942
505,1:54,2.086
506,7:28,0.988
507,2:57,0.928
508,14:19,0.936
509,3:59,0.956
510,22:18,9.164
511,4:41,0.956
512,13:39,0.992
513,17:26,1.956
514,19:32,1.012
515,16:02,0.97
516,8:09,0.954
517,12:36,0.944
518,3:38,0.948
519,22:58,8.794
520,12:56,0.926
521,20:34,8.102
522,8:49,0.922
523,3:18,0.948
524,17:48,1.012
525,0:24,0.9
526,10:52,0.922
527,6:26,0.908
528,1:04,0.92
529,6:06,1.06
530,16:22,0.95
531,8:30,0.974
532,4:20,0.964
533,11:34,0.908
534,19:10,0.984
535,22:38,8.854
536,14:40,1.0
537,15:41,0.952
538,20:13,0.956
539,0:44,0.916
540,5:43,1.882
541,12:16,1.024
542,7:48,0.962
543,21:38,9.758
544,21:15,9.572
545,11:15,1.062
546,11:54,0.94
547,2:15,0.998
548,18:09,0.958
549,14:59,0.88
550,19:54,7.48
551,8:33,0.922
552,11:58,0.944
553,4:29,0.952
554,12:18,0.914
555,21:35,8.444
556,12:18,0.914
557,8:53,0.922
558,4:48,0.87
559,10:58,0.99
560,14:09,1.074
561,6:32,1.014
562,3:04,1.012
563,21:57,8.444
564,6:52,0.944
565,2:23,0.912
566,14:28,0.912
567,16:51,6.384
568,19:35,15.306
569,15:10,0.988
570,20:54,7.78
571,11:38,0.932
572,7:33,0.91
573,2:03,0.906
574,22:18,8.68
575,17:52,6.636
576,8:13,0.936
577,3:47,0.932
578,13:03,1.116
579,15:50,0.904
580,5:09,0.962
581,9:56,0.992
582,20:34,8.204
583,20:15,7.734
584,5:50,1.886
585,0:41,0.924
586,13:24,0.974
587,16:11,3.81
588,18:32,6.902
589,4:08,0.976
590,21:14,8.256
591,17:12,6.328
592,10:37,0.956
593,6:10,0.94
594,0:22,1.864
595,23:20,8.392
596,13:45,0.982
597,17:31,5.756
598,1:23,0.892
599,10:16,0.936
600,9:12,0.92
601,3:27,1.056
602,23:42,9.094
603,16:31,7.214
604,9:35,1.056
605,1:03,0.97
606,23:00,8.104
607,18:11,7.194
608,2:42,0.9
609,12:39,0.972
610,7:13,0.926
611,15:30,0.944
612,1:43,0.956
613,7:53,0.956
614,11:18,0.946
615,14:48,0.944
616,18:54,8.156
617,22:40,8.692
618,21:57,8.154
619,10:28,7.86
620,6:35,0.96
621,17:05,5.674
622,15:19,3.184
623,10:48,7.52
624,7:15,0.88
625,3:05,0.966
626,19:50,7.82
627,14:37,4.186
628,7:36,0.982
629,11:10,6.368
630,21:12,8.29
631,17:45,6.648
632,13:15,4.752
633,3:45,0.908
634,22:18,8.514
635,18:27,6.38
636,10:06,8.34
637,1:42,0.93
638,20:12,8.472
639,11:30,5.528
640,3:25,0.936
641,22:58,7.484
642,16:23,5.742
643,13:56,4.638
644,9:45,8.776
645,5:53,1.0
646,0:21,2.35
647,9:05,9.288
648,4:45,1.832
649,23:19,8.22
650,15:39,4.24
651,19:30,14.988
652,15:59,4.344
653,12:10,5.16
654,2:02,0.932
655,7:56,0.908
656,23:39,7.02
657,21:36,8.616
658,9:25,9.268
659,12:33,5.57
660,4:06,0.93
661,14:59,4.03
662,17:24,6.04
663,6:14,0.982
664,2:44,0.964
665,8:43,10.728
666,11:51,5.984
667,20:52,7.538
668,22:38,7.524
669,6:56,0.94
670,12:52,5.242
671,2:23,0.964
672,18:06,5.756
673,8:19,1.042
674,20:32,7.908
675,13:35,4.322
676,1:21,0.886
677,1:02,0.932
678,5:07,0.972
679,18:47,7.444
680,14:17,4.496
681,16:43,4.88
682,0:42,0.948
683,5:31,1.13
684,22:48,9.412
685,8:39,0.952
686,12:34,1.012
687,3:04,0.916
688,15:44,0.936
689,18:52,0.92
690,7:59,1.046
691,12:55,0.972
692,1:20,0.944
693,16:48,1.956
694,20:17,1.978
695,23:08,8.844
696,13:37,1.032
697,16:05,0.98
698,10:04,0.912
699,0:40,0.978
700,5:54,0.976
701,19:35,0.942
702,19:14,1.038
703,23:29,9.172
704,1:43,1.072
705,2:03,0.9
706,6:14,0.966
707,10:24,0.954
708,12:12,1.044
709,4:09,0.96
710,22:27,9.172
711,15:23,0.988
712,17:08,0.984
713,17:51,1.946
714,7:18,2.03
715,3:24,0.924
716,5:11,0.94
717,21:01,8.248
718,13:58,0.948
719,18:13,1.016
720,21:45,10.338
721,14:41,0.914
722,8:19,0.902
723,10:45,0.972
724,2:25,1.0
725,22:06,9.226
726,23:54,5.748
727,3:48,1.096
728,11:50,1.0
729,13:15,0.908
730,4:50,1.916
731,18:32,0.906
732,15:02,0.978
733,2:44,0.876
734,6:33,0.892
735,11:06,0.99
736,9:23,2.038
737,0:18,1.806
738,20:39,1.022
739,14:21,1.088
740,11:28,1.036
741,7:37,0.866
742,21:22,9.536
743,9:43,0.956
744,5:32,0.972
745,1:00,0.924
746,17:56,1.002
747,10:34,3.132
748,14:27,1.056
749,6:46,0.93
750,21:47,8.864
751,12:19,0.944
752,4:57,1.018
753,2:05,1.008
754,23:53,0.922
755,17:14,0.912
756,13:43,0.988
757,9:52,0.976
758,1:43,0.942
759,20:24,9.468
760,16:34,0.982
761,11:16,0.98
762,4:13,1.96
763,7:29,0.962
764,18:40,1.096
765,5:42,2.074
766,0:38,1.008
767,9:31,0.984
768,3:31,1.014
769,16:54,0.958
770,19:43,5.014
771,8:49,0.924
772,20:02,8.784
773,12:40,0.968
774,9:09,0.936
775,11:58,0.964
776,3:08,0.93
777,15:31,0.964
778,11:38,1.004
779,18:17,0.94
780,22:08,8.14
781,15:09,0.994
782,1:23,2.084
783,23:12,9.368
784,2:48,1.022
785,12:59,0.906
786,8:30,1.924
787,17:35,0.938
788,21:04,9.384
789,23:32,7.662
790,10:55,0.984
791,7:08,1.04
792,14:48,0.966
793,21:25,9.208
794,14:05,1.008
795,20:44,8.688
796,6:03,0.988
797,6:25,1.012
798,19:02,1.018
799,22:50,16.756
800,13:21,1.014
801,7:48,0.87
802,0:16,1.03
803,4:34,0.982
804,2:26,0.95
805,16:12,1.948
806,2:20,0.972
807,6:27,0.956
808,16:04,0.912
809,7:10,1.016
810,13:41,0.916
811,22:13,0.948
812,18:47,0.976
813,14:42,0.906
814,0:57,1.052
815,12:21,1.012
816,15:44,0.968
817,19:29,0.95
818,0:35,0.94
819,8:53,0.99
820,4:46,0.974
821,15:03,0.98
822,21:32,0.964
823,10:58,0.94
824,3:43,0.944
825,17:46,0.88
826,14:02,0.964
827,10:16,0.9
828,3:23,0.918
829,23:16,0.992
830,5:26,0.956
831,17:26,0.956
832,8:32,0.988
833,11:59,0.954
834,14:23,0.95
835,0:14,0.98
836,4:25,0.93
837,22:34,0.938
838,12:41,0.882
839,9:15,0.978
840,5:05,0.92
841,22:55,1.01
842,19:09,0.962
843,11:18,0.946
844,8:11,0.938
845,4:04,0.96
846,21:11,1.896
847,7:50,0.936
848,11:39,0.938
849,20:31,0.972
850,16:46,0.916
851,13:01,0.948
852,5:46,0.892
853,1:18,0.94
854,23:38,0.992
855,20:09,0.914
856,17:05,0.924
857,9:35,0.948
858,23:58,0.948
859,21:52,0.928
860,18:26,0.876
861,15:24,0.93
862,2:41,0.96
863,7:30,0.932
864,13:21,0.94
865,18:07,1.016
866,3:02,0.978
867,6:06,0.948
868,9:56,0.974
869,19:50,0.962
870,10:37,0.98
871,6:48,0.936
872,1:59,1.868
873,16:25,0.962
874,16:42,0.99
875,13:55,2.906
876,21:12,0.922
877,8:15,1.028
878,1:20,0.924
879,10:38,0.938
880,6:31,0.906
881,17:06,1.122
882,19:29,0.954
883,16:19,0.884
884,20:30,0.9
885,7:33,0.964
886,12:29,1.956
887,18:08,0.968
888,14:38,0.962
889,9:15,1.824
890,4:48,0.842
891,1:00,0.904
892,22:39,0.964
893,20:51,0.988
894,12:50,0.978
895,2:05,0.946
896,7:12,0.938
897,21:33,0.966
898,4:08,1.774
899,8:36,0.948
900,15:19,0.948
901,20:10,1.862
902,0:19,0.95
903,5:09,0.964
904,17:47,1.85
905,21:58,1.162
906,5:51,0.964
907,11:41,0.994
908,16:00,0.918
909,19:08,1.78
910,0:40,0.986
911,6:51,0.916
912,10:18,0.938
913,22:18,0.926
914,14:17,0.98
915,4:29,0.998
916,23:40,1.01
917,11:19,0.92
918,5:30,0.972
919,3:29,1.83
920,7:53,0.932
921,23:18,1.812
922,10:59,0.998
923,2:49,2.022
924,15:39,0.94
925,9:57,0.914
926,1:45,1.12
927,18:29,0.932
928,9:37,0.976
929,14:58,0.9
930,6:12,0.928
931,11:27,0.944
932,0:00,0.898
933,4:07,0.878
934,7:57,0.972
935,18:26,0.936
936,21:38,0.964
937,5:09,0.99
938,0:20,0.896
939,12:48,0.908
940,23:44,0.942
941,20:56,1.064
942,2:43,0.988
943,11:07,1.008
944,3:48,1.882
945,17:23,1.052
946,22:20,0.996
947,14:15,1.008
948,20:34,1.044
949,9:43,1.892
950,16:38,0.942
951,5:50,0.892
952,0:40,0.932
953,15:57,0.926
954,12:29,1.852
955,23:03,1.02
956,20:11,0.958
957,15:37,0.92
958,8:41,2.022
959,2:01,1.016
960,4:28,0.964
961,7:37,0.948
962,22:41,0.982
963,19:07,1.912
964,0:59,0.888
965,6:16,1.178
966,14:37,0.996
967,18:06,1.016
968,10:23,1.876
969,6:55,0.906
970,1:39,0.94
971,15:17,0.88
972,11:48,0.96
973,19:30,1.044
974,10:45,0.992
975,13:11,1.046
976,16:18,0.984
977,7:16,0.958
978,3:07,1.088
979,23:24,0.994
980,17:00,0.98
981,13:31,0.934
982,1:19,0.892
983,5:30,0.996
984,17:44,0.98
985,21:59,0.97
986,14:58,0.984
987,9:02,0.938
988,4:47,0.89
989,19:51,0.962
990,2:22,0.92
991,6:35,0.906
992,21:17,0.952
993,13:53,1.02
994,23:06,9.492
995,3:36,0.892
996,11:18,0.98
997,17:23,0.922
998,2:34,0.96
999,13:09,1.148
1000,19:07,2.894
1001,22:45,9.904
1002,19:50,0.944
1003,14:14,0.996
1004,0:27,1.956
1005,8:09,1.94
1006,13:53,1.078
1007,12:00,0.996
1008,5:22,0.996
1009,9:12,1.942
1010,16:21,1.884
1011,12:22,1.02
1012,3:16,0.974
1013,7:27,0.922
1014,2:55,0.958
1015,20:57,1.014
1016,20:35,1.024
1017,4:40,1.052
1018,22:00,0.99
1019,10:12,0.874
1020,8:30,1.016
1021,4:18,0.948
1022,15:40,0.99
1023,21:39,0.944
1024,19:30,1.046
1025,10:57,2.082
1026,7:07,0.95
1027,2:14,0.99
1028,6:46,0.924
1029,3:57,0.96
1030,23:49,18.872
1031,21:19,1.026
1032,17:44,0.966
1033,14:57,1.966
1034,11:38,0.972
1035,5:00,0.92
1036,15:19,1.022
1037,18:05,0.952
1038,22:22,3.922
1039,13:30,0.974
1040,1:52,2.034
1041,6:26,1.96
1042,9:53,1.04
1043,0:48,0.986
1044,5:43,1.008
1045,12:44,1.032
1046,17:03,1.99
1047,9:31,0.886
1048,1:08,0.934
1049,20:13,1.056
1050,7:31,9.384
1051,0:55,3.298
1052,18:17,10.592
1053,21:43,7.352
1054,23:28,7.238
1055,13:24,3.448
1056,20:03,13.772
1057,11:01,5.808
1058,3:40,3.268
1059,18:38,6.11
1060,11:42,4.68
1061,5:24,3.486
1062,1:59,7.842
1063,9:59,7.142
1064,21:04,7.242
1065,20:44,13.396
1066,2:18,2.276
1067,19:20,10.618
1068,17:15,3.708
1069,10:40,6.236
1070,6:48,2.744
1071,22:47,7.728
1072,5:04,3.686
1073,3:00,6.688
1074,12:18,6.758
1075,9:16,8.388
1076,6:07,6.636
1077,13:03,4.98
1078,16:07,2.558
1079,0:11,10.176
1080,8:34,8.802
1081,15:48,3.5
1082,12:40,5.13
1083,3:21,3.7
1084,21:23,6.182
1085,15:07,2.546
1086,23:07,7.282
1087,16:53,7.826
1088,9:38,7.752
1089,22:05,6.904
1090,1:16,3.914
1091,4:43,2.56
1092,8:13,9.564
1093,14:27,2.462
1094,14:05,8.36
1095,6:27,3.9
1096,10:21,6.502
1097,23:49,8.098
1098,7:52,7.924
1099,4:02,3.266
1100,11:21,4.792
1101,17:37,4.216
1102,14:46,3.658
1103,8:55,8.654
1104,0:34,6.606
1105,4:22,3.758
1106,15:27,3.35
1107,22:26,7.7
1108,2:15,2.702
1109,1:55,2.092
1110,5:21,3.696
1111,7:06,3.352
1112,22:57,6.66
1113,4:41,3.586
1114,1:33,2.562
1115,0:30,3.002
1116,6:45,4.004
1117,7:48,9.5
1118,9:53,5.39
1119,14:34,2.694
1120,16:01,2.098
1121,21:33,6.364
1122,2:57,2.176
1123,3:18,3.376
1124,21:14,13.062
1125,14:56,1.898
1126,16:22,2.142
1127,2:36,2.924
1128,5:42,2.302
1129,10:34,5.082
1130,6:02,3.702
1131,0:09,5.766
1132,11:40,3.776
1133,16:42,2.042
1134,13:08,2.75
1135,19:50,5.18
1136,18:06,8.07
1137,7:27,4.832
1138,1:12,2.696
1139,11:17,4.642
1140,15:39,2.118
1141,18:28,3.854
1142,22:36,7.722
1143,14:12,2.158
1144,9:33,15.676
1145,3:58,2.77
1146,21:53,6.14
1147,19:30,5.208
1148,20:31,6.352
1149,17:22,5.366
1150,8:30,8.598
1151,3:38,2.124
1152,13:50,5.456
1153,12:46,3.362
1154,12:23,4.21
1155,20:10,5.636
1156,0:51,2.034
1157,5:01,2.216
1158,8:52,7.85
1159,10:56,4.228
1160,6:23,2.504
1161,8:09,9.232
1162,10:14,5.306
1163,22:15,6.908
1164,15:17,1.926
1165,19:09,10.212
1166,23:18,7.848
1167,12:01,3.612
1168,4:19,2.84
1169,23:27,13.092
1170,0:21,6.624
1171,12:08,2.314
1172,2:24,1.832
1173,18:53,4.574
1174,6:58,3.27
1175,1:02,1.836
1176,20:21,7.24
1177,17:09,1.704
1178,1:24,2.136
1179,8:38,12.848
1180,13:37,1.04
1181,22:26,5.928
1182,19:55,9.28
1183,18:11,2.736
1184,3:47,4.038
1185,7:58,8.76
1186,12:52,2.576
1187,20:44,6.196
1188,13:16,2.612
1189,16:04,0.906
1190,11:04,3.292
1191,4:27,2.224
1192,0:42,2.948
1193,0:42,2.948
1194,19:14,4.236
1195,22:04,5.732
1196,15:25,1.994
1197,8:59,6.144
1198,5:12,5.676
1199,21:24,5.676
1200,23:47,6.788
1201,17:50,3.588
1202,11:24,3.038
1203,17:28,1.548
1204,14:20,2.96
1205,1:43,1.842
1206,5:55,5.25
1207,21:03,4.804
1208,2:04,1.994
1209,9:21,6.668
1210,6:37,2.248
1211,12:30,2.682
1212,22:47,6.432
1213,14:41,1.626
1214,18:32,3.018
1215,10:03,4.916
1216,11:47,3.602
1217,15:45,0.9
1218,0:00,14.048
1219,4:06,2.118
1220,7:17,2.22
1221,7:37,4.706
1222,10:44,7.66
1223,21:43,5.128
1224,9:43,5.924
1225,3:06,4.664
1226,6:16,3.474
1227,16:48,2.478
1228,1:57,4.632
1229,6:15,6.08
1230,13:11,3.194
1231,15:22,2.038
1232,22:01,7.428
1233,2:18,2.128
1234,12:29,2.212
1235,9:03,7.032
1236,14:40,2.202
1237,6:59,3.376
1238,19:54,5.108
1239,17:50,4.77
1240,15:01,3.062
1241,22:21,6.9
1242,12:08,2.808
1243,9:24,4.914
1244,5:10,2.494
1245,0:29,2.004
1246,23:23,6.758
1247,17:29,4.472
1248,20:56,7.994
1249,8:22,5.822
1250,4:48,3.286
1251,1:11,2.796
1252,16:25,8.702
1253,21:19,6.542
1254,11:48,2.254
1255,10:03,4.514
1256,2:39,2.068
1257,18:10,3.598
1258,0:51,1.94
1259,7:21,4.83
1260,20:35,5.258
1261,3:43,2.326
1262,5:32,3.704
1263,18:30,5.144
1264,14:19,4.968
1265,21:39,6.352
1266,11:05,6.67
1267,20:15,5.406
1268,17:07,4.22
1269,23:45,5.904
1270,3:02,3.144
1271,11:27,3.936
1272,18:51,5.692
1273,9:44,4.908
1274,8:02,12.614
1275,0:09,4.4
1276,16:46,2.688
1277,19:33,6.032
1278,12:50,2.4
1279,8:41,5.364
1280,4:27,5.186
1281,19:13,6.092
1282,10:24,3.66
1283,13:33,1.994
1284,3:21,1.912
1285,6:38,2.202
1286,23:02,14.232
1287,11:11,0.968
1288,15:17,1.034
1289,4:16,0.92
1290,2:13,0.93
1291,5:59,0.912
1292,9:28,0.982
1293,12:53,0.95
1294,15:39,0.988
1295,19:48,0.972
1296,23:58,1.1
1297,7:01,0.918
1298,10:50,0.926
1299,16:20,0.94
1300,20:31,0.908
1301,10:09,0.92
1302,4:36,0.938
1303,21:12,1.844
1304,13:55,0.928
1305,5:18,0.974
1306,8:25,0.908
1307,1:09,0.94
1308,14:55,0.862
1309,18:44,0.934
1310,22:55,1.006
1311,0:07,0.996
1312,3:56,0.962
1313,13:14,0.97
1314,19:26,1.9
1315,5:39,0.98
1316,1:52,0.992
1317,9:07,0.996
1318,12:32,1.9
1319,23:34,0.874
1320,10:30,0.954
1321,6:41,0.95
1322,14:36,0.908
1323,18:24,0.958
1324,21:52,1.84
1325,3:35,0.854
1326,18:03,1.014
1327,22:32,0.94
1328,4:56,0.92
1329,0:26,0.874
1330,14:16,0.94
1331,6:20,0.944
1332,2:35,1.002
1333,9:49,0.926
1334,13:35,0.916
1335,15:59,0.9
1336,20:11,1.072
1337,17:01,0.95
1338,8:45,0.928
1339,3:16,0.984
1340,16:39,0.888
1341,17:40,0.894
1342,11:50,0.936
1343,22:12,0.916
1344,8:05,2.972
1345,2:55,0.944
1346,1:30,0.968
1347,11:30,0.876
1348,17:21,0.918
1349,0:48,1.032
1350,23:15,0.924
1351,10:05,16.572
1352,6:27,2.864
1353,17:21,5.694
1354,13:32,10.256
1355,6:46,8.682
1356,3:02,0.84
1357,17:43,6.486
1358,3:43,0.976
1359,16:41,5.458
1360,7:38,9.616
1361,19:04,7.232
1362,14:54,6.104
1363,10:47,6.88
1364,7:17,13.158
1365,0:58,0.89
1366,18:23,6.614
1367,12:12,5.566
1368,15:36,6.344
1369,2:22,1.048
1370,5:25,0.974
1371,8:41,8.244
1372,3:22,0.916
1373,11:32,5.918
1374,13:52,4.388
1375,20:30,8.226
1376,23:36,6.084
1377,21:31,7.884
1378,15:57,5.716
1379,11:52,6.056
1380,8:19,18.39
1381,22:34,9.066
1382,18:03,6.368
1383,12:33,5.462
1384,14:32,5.26
1385,5:46,0.966
1386,0:17,0.888
1387,23:15,16.806
1388,2:43,0.976
1389,15:14,5.272
1390,22:11,7.86
1391,11:11,6.392
1392,1:59,0.992
1393,20:08,16.644
1394,4:24,1.88
1395,17:02,5.912
1396,10:26,6.46
1397,20:50,7.958
1398,23:56,3.044
1399,21:11,8.25
1400,9:00,7.21
1401,0:38,0.932
1402,5:04,0.918
1403,14:12,5.19
1404,12:53,5.504
1405,9:20,7.844
1406,4:44,0.886
1407,18:45,6.988
1408,21:52,7.654
1409,6:06,0.916
1410,1:37,1.83
1411,16:19,5.62
1412,19:25,7.324
1413,10:12,0.976
1414,1:39,0.954
1415,18:35,8.044
1416,16:48,5.396
1417,13:40,5.638
1418,20:20,8.532
1419,0:17,1.496
1420,5:45,0.914
1421,23:47,9.14
1422,21:23,9.404
1423,18:14,7.724
1424,5:25,0.928
1425,0:58,0.908
1426,15:04,4.832
1427,9:11,0.974
1428,10:32,6.54
1429,6:25,0.918
1430,18:56,8.384
1431,16:07,4.69
1432,13:20,6.11
1433,3:24,0.958
1434,9:51,0.906
1435,1:59,0.938
1436,6:05,0.912
1437,20:00,8.008
1438,12:38,6.94
1439,14:43,4.784
1440,3:44,0.902
1441,7:26,0.912
1442,22:05,9.186
1443,8:09,0.998
1444,4:26,1.906
1445,17:08,5.356
1446,14:00,5.472
1447,11:55,7.744
1448,20:41,9.2
1449,15:46,10.34
1450,19:40,9.252
1451,23:26,8.94
1452,7:07,0.916
1453,3:03,0.9
1454,23:06,9.544
1455,11:13,9.404
1456,2:44,1.116
1457,21:02,9.432
1458,11:34,8.89
1459,2:20,0.918
1460,4:45,0.896
1461,17:52,6.126
1462,21:44,9.408
1463,14:22,5.34
1464,8:50,0.948
1465,5:05,0.908
1466,1:18,0.938
1467,16:28,5.302
1468,8:30,0.96
1469,12:15,6.42
1470,17:32,6.61
1471,0:38,0.958
1472,10:52,8.95
1473,6:47,1.004
1474,22:45,9.212
1475,12:59,4.748
1476,9:32,0.996
1477,7:47,0.938
1478,19:18,8.136
1479,22:24,8.382
1480,11:16,6.506
1481,0:47,0.966
1482,8:27,9.824
1483,17:36,5.872
1484,15:51,5.614
1485,19:20,5.874
1486,6:00,0.98
1487,12:40,6.986
1488,17:14,11.562
1489,11:59,7.036
1490,8:06,9.14
1491,3:55,1.004
1492,20:22,6.432
1493,21:25,6.008
1494,22:47,6.108
1495,11:37,8.186
1496,14:04,4.788
1497,16:13,5.374
1498,5:19,0.956
1499,2:51,0.94
1500,17:59,6.648
1501,22:08,6.656
1502,8:48,8.86
1503,4:57,1.02
1504,1:52,0.984
1505,13:44,6.71
1506,12:21,6.468
1507,16:34,5.202
1508,3:12,0.968
1509,6:21,0.986
1510,20:00,11.694
1511,18:19,3.318
1512,21:47,6.802
1513,23:08,6.524
1514,18:58,5.312
1515,20:41,6.568
1516,22:28,7.924
1517,9:09,9.624
1518,7:24,6.892
1519,2:31,0.864
1520,14:25,5.552
1521,18:38,3.83
1522,21:05,8.022
1523,23:47,11.112
1524,0:26,0.888
1525,10:34,8.626
1526,5:39,0.94
1527,15:06,4.468
1528,13:20,5.564
1529,1:30,0.928
1530,4:35,0.87
1531,10:14,8.904
1532,1:10,1.03
1533,7:45,9.096
1534,14:46,4.884
1535,3:33,0.952
1536,10:56,9.094
1537,15:28,5.612
1538,9:53,19.512
1539,6:42,0.95
1540,2:12,0.936
1541,13:00,5.48
1542,7:04,1.02
1543,0:07,5.172
1544,4:16,0.986
1545,1:08,0.936
1546,4:18,1.85
1547,0:49,0.9
1548,7:06,0.902
1549,2:34,0.928
1550,6:03,0.978
1551,0:28,0.956
1552,2:13,1.122
1553,5:01,1.0
1554,5:20,0.9
1555,4:39,0.94
1556,1:49,0.94
1557,5:42,1.006
1558,3:14,0.98
1559,6:46,1.044
1560,3:38,1.098
1561,1:29,0.906
1562,2:53,0.908
1563,6:24,0.938
1564,0:07,1.3
1565,14:59,3.666
1566,12:33,0.888
1567,21:55,8.388
1568,22:18,7.084
1569,8:43,13.488
1570,9:14,9.5
1571,8:10,13.906
1572,18:45,3.064
1573,12:14,0.898
1574,17:44,4.648
1575,20:07,4.48
1576,12:54,0.968
1577,16:42,4.088
1578,9:47,8.584
1579,16:21,3.86
1580,13:56,4.158
1581,10:50,3.156
1582,23:19,6.722
1583,21:32,7.622
1584,23:00,7.562
1585,15:40,3.876
1586,19:27,6.476
1587,14:15,2.992
1588,11:54,3.41
1589,20:47,9.76
1590,11:32,0.976
1591,17:03,2.876
1592,10:30,4.234
1593,22:40,7.418
1594,16:00,2.656
1595,13:14,0.902
1596,18:24,2.02
1597,15:19,3.016
1598,18:03,2.844
1599,7:39,10.942
1600,7:14,2.344
1601,17:23,4.248
1602,21:09,6.738
1603,13:34,2.128
1604,10:09,4.446
1605,11:11,1.664
1606,14:39,4.098
1607,19:47,3.944
1608,6:38,0.968
1609,2:49,1.068
1610,21:27,4.174
1611,9:30,8.51
1612,4:51,0.912
1613,1:03,0.916
1614,15:13,2.162
1615,12:19,3.14
1616,2:05,0.938
1617,5:57,0.974
1618,3:29,0.844
1619,15:54,2.278
1620,17:38,4.22
1621,7:43,8.724
1622,11:39,1.014
1623,14:29,2.4
1624,11:59,0.938
1625,5:11,0.908
1626,1:44,0.938
1627,23:33,10.63
1628,17:59,4.33
1629,21:07,6.592
1630,2:25,0.924
1631,10:56,1.594
1632,19:02,5.754
1633,22:31,6.686
1634,14:50,3.4
1635,1:24,0.948
1636,11:17,1.738
1637,22:06,4.242
1638,19:22,3.67
1639,20:47,7.61
1640,13:45,0.908
1641,18:19,4.12
1642,10:10,11.166
1643,6:17,0.938
1644,3:10,1.012
1645,5:35,1.124
1646,8:46,8.074
1647,19:42,3.178
1648,16:56,3.378
1649,16:36,3.138
1650,14:08,2.192
1651,4:32,0.932
1652,0:22,0.98
1653,8:25,18.818
1654,20:03,4.952
1655,22:52,4.894
1656,23:54,0.986
1657,12:40,4.106
1658,18:41,5.24
1659,9:07,8.566
1660,0:43,0.968
1661,7:23,4.984
1662,0:01,10.914
1663,4:11,0.988
1664,15:33,3.66
1665,13:25,1.002
1666,10:36,3.034
1667,7:03,1.12
1668,16:14,3.228
1669,21:46,4.196
1670,3:49,0.956
1671,13:04,2.964
1672,17:17,3.744
1673,20:23,6.274
1674,21:56,0.984
1675,13:15,1.222
1676,8:36,1.0
1677,4:25,0.98
1678,1:00,0.908
1679,12:26,1.002
1680,16:08,1.152
1681,9:38,1.008
1682,6:52,0.988
1683,15:02,0.97
1684,22:38,1.024
1685,6:10,0.894
1686,19:30,3.888
1687,22:59,0.964
1688,15:23,0.936
1689,10:18,0.848
1690,16:50,0.914
1691,22:16,0.932
1692,0:15,0.944
1693,6:31,0.96
1694,7:31,0.888
1695,1:21,0.998
1696,11:44,0.978
1697,3:45,0.946
1698,7:11,0.888
1699,15:43,0.946
1700,23:21,0.988
1701,2:43,0.946
1702,5:50,1.158
1703,17:32,1.876
1704,9:17,0.948
1705,12:05,0.912
1706,4:05,0.862
1707,11:23,1.834
1708,2:23,0.932
1709,23:41,0.886
1710,20:13,1.968
1711,1:41,0.908
1712,7:51,0.948
1713,14:40,2.53
1714,16:29,0.954
1715,21:34,0.888
1716,5:06,0.922
1717,2:03,0.972
1718,20:34,0.992
1719,10:39,1.012
1720,17:52,0.944
1721,5:25,0.902
1722,9:59,0.948
1723,0:40,1.138
1724,20:54,0.908
1725,13:40,1.154
1726,8:56,0.924
1727,3:25,0.912
1728,4:45,0.908
1729,3:05,0.982
1730,8:14,1.072
1731,21:14,0.924
1732,12:46,0.92
1733,3:25,0.916
1734,13:49,6.468
1735,21:52,4.508
1736,12:04,4.562
1737,4:31,0.93
1738,23:39,4.896
1739,7:57,9.462
1740,0:02,0.994
1741,17:59,1.902
1742,15:36,0.908
1743,11:22,5.54
1744,21:28,3.02
1745,7:15,3.976
1746,22:33,2.874
1747,6:31,0.922
1748,1:24,0.918
1749,10:21,7.452
1750,2:26,0.96
1751,19:25,0.958
1752,4:11,0.984
1753,7:35,9.154
1754,14:09,2.246
1755,11:02,4.824
1756,20:48,3.78
1757,10:43,6.316
1758,6:54,1.086
1759,3:05,0.922
1760,18:43,1.998
1761,10:00,6.83
1762,1:04,1.918
1763,19:46,1.816
1764,12:26,4.404
1765,16:16,0.942
1766,8:57,27.284
1767,5:11,0.904
1768,12:47,3.078
1769,17:18,2.282
1770,20:28,2.356
1771,9:19,9.844
1772,5:32,0.982
1773,2:45,0.906
1774,15:16,2.34
1775,11:43,4.644
1776,22:14,3.206
1777,4:51,0.94
1778,0:22,0.904
1779,15:55,0.892
1780,19:04,0.992
1781,13:08,3.464
1782,9:40,8.046
1783,5:52,0.9
1784,2:05,0.96
1785,23:15,8.14
1786,20:07,3.18
1787,6:11,0.872
1788,1:44,0.928
1789,14:56,5.694
1790,21:09,3.316
1791,3:50,1.12
1792,16:57,1.938
1793,19:46,5.304
1794,23:12,4.048
1795,14:27,0.932
1796,3:25,0.922
1797,8:11,6.68
1798,12:01,0.968
1799,8:31,5.572
1800,20:28,6.468
1801,11:41,0.964
1802,15:30,0.966
1803,8:51,5.622
1804,17:35,3.384
1805,2:44,0.9
1806,7:31,4.268
1807,10:37,1.368
1808,21:08,12.644
1809,23:36,4.312
1810,21:49,6.888
1811,15:09,0.914
1812,0:40,0.93
1813,4:29,1.116
1814,22:51,2.664
1815,17:14,2.088
1816,3:45,0.932
1817,22:30,3.008
1818,18:59,4.622
1819,5:48,0.916
1820,1:20,1.798
1821,16:53,0.91
1822,9:55,4.498
1823,7:50,8.12
1824,15:52,0.976
1825,13:05,1.068
1826,4:05,0.916
1827,9:30,4.94
1828,5:28,0.896
1829,1:40,0.914
1830,17:57,2.682
1831,21:27,5.24
1832,7:10,0.916
1833,11:19,0.966
1834,3:04,0.926
1835,20:06,5.354
1836,23:57,2.082
1837,10:58,1.006
1838,6:09,0.956
1839,22:09,6.256
1840,22:09,6.256
1841,18:18,3.966
1842,14:49,0.988
1843,6:30,0.964
1844,0:20,2.444
1845,19:25,6.148
1846,12:42,1.868
1847,16:34,0.948
1848,2:04,1.098
1849,9:10,5.494
1850,14:07,2.33
1851,2:24,0.956
1852,6:50,0.884
1853,10:16,2.834
1854,18:37,4.124
1855,13:47,4.582
1856,16:13,1.006
1857,5:08,1.8
1858,14:41,1.016
1859,17:28,0.928
1860,19:51,0.988
1861,7:26,1.126
1862,5:20,0.886
1863,0:58,0.994
1864,15:03,0.956
1865,10:11,0.888
1866,8:07,1.0
1867,23:19,0.952
1868,19:29,2.758
1869,2:59,0.954
1870,8:48,0.898
1871,18:29,1.872
1872,11:14,0.936
1873,23:39,0.902
1874,20:11,0.928
1875,16:46,0.898
1876,14:00,0.914
1877,10:53,0.996
1878,8:29,0.982
1879,1:58,0.916
1880,7:01,0.938
1881,2:38,0.888
1882,16:04,0.968
1883,21:58,1.028
1884,12:39,1.88
1885,0:36,0.89
1886,4:41,0.93
1887,9:29,0.944
1888,22:59,1.828
1889,6:20,0.932
1890,1:18,0.942
1891,9:09,0.976
1892,5:41,0.928
1893,1:38,0.882
1894,3:41,0.924
1895,10:32,0.968
1896,9:51,0.984
1897,6:00,0.884
1898,21:35,3.86
1899,16:26,1.052
1900,13:01,1.036
1901,9:51,0.984
1902,14:00,0.914
1903,8:48,0.898
1904,5:01,0.92
1905,22:18,0.928
1906,0:17,0.9
1907,4:21,0.928
1908,11:35,0.956
1909,15:42,0.908
1910,7:46,0.94
1911,4:01,0.908
1912,17:47,0.878
1913,15:23,0.908
1914,3:20,0.968
1915,13:40,1.656
1916,14:20,0.91
1917,17:08,1.018
1918,11:57,1.024
1919,6:41,0.952
1920,2:19,0.976
1921,23:59,0.884
1922,18:03,0.954
1923,2:24,0.94
1924,5:49,1.052
1925,3:27,0.978
1926,11:18,0.904
1927,23:47,0.896
1928,17:20,1.08
1929,14:27,0.956
1930,5:06,0.928
1931,0:19,0.924
1932,21:17,1.022
1933,6:29,0.934
1934,2:03,1.038
1935,13:44,0.994
1936,13:44,0.994
1937,12:38,0.924
1938,12:38,0.924
1939,23:07,1.07
1940,20:55,0.968
1941,8:34,0.932
1942,12:18,0.928
1943,4:46,0.902
1944,18:44,0.918
1945,21:38,0.968
1946,17:42,1.008
1947,16:14,1.026
1948,12:59,0.968
1949,10:37,0.944
1950,1:19,0.896
1951,6:09,0.898
1952,16:35,1.002
1953,14:06,1.04
1954,6:49,0.902
1955,22:44,1.122
1956,20:34,1.044
1957,7:08,0.906
1958,10:17,1.868
1959,5:27,0.93
1960,1:00,0.914
1961,9:36,1.92
1962,0:39,0.956
1963,19:05,0.982
1964,15:08,0.926
1965,22:20,0.934
1966,18:24,0.998
1967,3:05,1.892
1968,15:51,2.022
1969,8:54,0.948
1970,4:26,0.934
1971,19:49,2.044
1972,23:28,0.984
1973,4:07,0.91
1974,20:11,1.036
1975,14:47,0.958
1976,7:29,0.98
1977,11:38,0.934
1978,22:00,1.044
1979,11:58,0.95
1980,10:58,0.964
1981,1:41,0.978
1982,7:53,1.084
1983,13:22,1.056
1984,16:57,1.02
1985,8:13,0.96
1986,3:46,0.934
1987,9:58,0.944
1988,6:06,1.0
1989,2:57,1.082
1990,23:10,0.932
1991,0:09,1.024
1992,8:54,1.012
1993,8:11,0.888
1994,3:18,0.976
1995,16:53,1.004
1996,10:40,1.006
1997,7:09,1.006
1998,0:29,0.914
1999,18:16,0.946
2000,13:54,0.98
2001,19:42,0.946
2002,23:55,1.13
2003,15:36,0.902
2004,1:32,0.952
2005,18:37,0.968
2006,12:49,0.956
2007,9:37,0.996
2008,15:16,0.936
2009,1:53,0.964
2010,5:44,1.002
2011,17:55,0.98
2012,21:26,0.904
2013,10:18,0.96
2014,6:48,0.952
2015,1:11,0.94
2016,22:07,1.894
2017,14:56,0.994
2018,11:03,1.056
2019,3:58,0.914
2020,13:33,1.04
2021,19:22,2.038
2022,16:31,0.854
2023,23:30,0.924
2024,11:44,0.986
2025,14:34,0.926
2026,4:40,0.952
2027,8:33,0.964
2028,11:23,0.93
2029,7:30,0.974
2030,20:45,0.998
2031,12:08,1.066
2032,3:38,0.962
2033,9:16,0.984
2034,6:27,0.976
2035,4:19,0.982
2036,14:14,0.948
2037,17:13,0.924
2038,20:24,1.882
2039,21:06,0.936
2040,12:28,0.97
2041,17:33,0.892
2042,7:52,1.04
2043,2:14,0.976
2044,5:01,0.968
2045,2:33,0.896
2046,16:12,1.538
2047,22:50,0.96
2048,22:29,0.97
2049,13:10,0.958
2050,5:22,0.982
2051,0:50,0.962
2052,10:33,0.902
2053,5:26,0.924
2054,1:17,1.886
2055,1:17,1.886
2056,1:17,1.886
2057,23:20,0.948
2058,20:13,0.932
2059,21:36,0.992
2060,7:13,1.024
2061,2:41,0.902
2062,2:22,0.908
2063,18:11,1.01
2064,14:23,1.862
2065,2:02,0.936
2066,15:42,0.946
2067,22:59,0.954
2068,18:52,0.916
2069,9:02,1.026
2070,16:45,1.008
2071,13:43,0.93
2072,4:24,0.98
2073,21:14,0.96
2074,22:38,0.978
2075,19:11,0.888
2076,16:24,0.958
2077,13:02,1.026
2078,1:41,1.102
2079,6:30,1.012
2080,10:12,0.892
2081,11:14,0.944
2082,3:43,0.928
2083,17:48,0.938
2084,20:33,0.928
2085,5:47,0.988
2086,13:23,0.946
2087,16:03,0.952
2088,6:08,0.968
2089,6:51,0.968
2090,12:18,1.044
2091,23:39,0.908
2092,15:21,0.932
2093,23:59,0.928
2094,7:58,1.008
2095,4:03,0.904
2096,20:53,0.956
2097,15:01,1.74
2098,11:56,1.0
2099,8:39,0.916
2100,0:14,0.878
2101,21:58,1.024
2102,12:40,0.98
2103,9:53,1.336
2104,5:05,0.984
2105,19:32,0.984
2106,7:36,1.032
2107,3:22,1.898
2108,10:53,0.962
2109,19:53,0.948
2110,17:06,0.912
2111,9:22,0.9
2112,8:19,0.966
2113,4:44,0.888
2114,11:34,0.928
2115,17:28,1.052
2116,22:18,0.916
2117,18:32,0.972
2118,0:36,0.976
2119,2:23,0.9
2120,6:11,1.9
2121,16:57,0.924
2122,12:38,1.266
2123,22:04,1.978
2124,8:58,1.02
2125,4:27,0.9
2126,19:32,1.012
2127,14:02,0.92
2128,4:07,1.004
2129,9:20,0.992
2130,13:21,1.032
2131,18:26,3.112
2132,17:18,0.996
2133,23:06,0.94
2134,18:49,0.994
2135,15:06,0.984
2136,2:44,0.97
2137,7:13,0.884
2138,16:13,1.084
2139,10:23,0.968
2140,6:31,0.928
2141,0:19,0.93
2142,3:05,0.918
2143,10:44,0.96
2144,6:54,1.012
2145,21:00,1.014
2146,13:42,0.944
2147,9:41,1.004
2148,1:02,0.974
2149,23:52,1.122
2150,22:46,0.96
2151,4:48,0.988
2152,8:16,1.02
2153,12:59,0.954
2154,0:41,1.012
2155,11:49,2.002
2156,19:53,0.948
2157,15:49,1.028
2158,15:27,0.972
2159,5:30,0.998
2160,3:26,0.998
2161,22:25,0.992
2162,3:45,0.894
2163,8:36,0.92
2164,21:21,0.924
2165,14:45,1.0
2166,7:54,0.932
2167,2:04,0.928
2168,11:06,1.012
2169,23:28,0.982
2170,5:09,0.938
2171,1:22,0.914
2172,19:10,0.998
2173,10:02,0.96
2174,14:23,0.936
2175,20:38,2.092
2176,16:37,1.056
2177,1:44,0.974
2178,7:34,0.976
2179,12:09,0.914
2180,22:23,3.002
2181,19:11,1.008
2182,10:15,2.684
2183,4:31,1.012
2184,18:49,1.028
2185,9:08,5.2
2186,5:36,0.968
2187,4:09,1.008
2188,12:24,1.102
2189,15:14,0.93
2190,9:52,5.38
2191,5:15,0.976
2192,23:48,3.838
2193,19:51,0.912
2194,3:04,1.054
2195,7:02,1.028
2196,6:19,0.944
2197,5:58,1.038
2198,3:26,1.014
2199,16:18,1.004
2200,20:36,0.992
2201,22:02,1.044
2202,0:15,1.054
2203,4:54,1.06
2204,2:41,1.032
2205,13:52,1.044
2206,20:14,1.092
2207,13:08,1.042
2208,15:35,1.01
2209,0:35,0.95
2210,10:36,0.962
2211,18:27,1.02
2212,12:46,1.014
2213,22:43,5.416
2214,8:28,5.21
2215,0:55,0.908
2216,11:40,1.044
2217,7:44,0.956
2218,21:18,0.984
2219,17:23,1.008
2220,17:45,0.996
2221,2:19,1.908
2222,8:06,1.028
2223,7:23,1.008
2224,1:15,0.924
2225,13:29,0.986
2226,15:57,0.976
2227,23:26,7.266
2228,14:13,0.972
2229,17:01,2.0
2230,10:57,0.962
2231,6:40,0.994
2232,9:29,4.596
2233,19:31,0.952
2234,23:03,6.392
2235,12:01,0.954
2236,3:48,1.012
2237,18:05,0.948
2238,21:40,1.004
2239,1:37,1.044
2240,8:49,9.422
2241,11:17,0.96
2242,14:53,1.894
2243,20:57,1.0
2244,19:08,0.984
2245,15:39,1.006
2246,12:54,0.996
2247,2:56,2.012
2248,6:52,0.992
2249,7:37,1.07
2250,11:07,1.056
2251,20:33,1.034
2252,18:26,1.954
2253,21:56,0.92
2254,8:21,0.99
2255,1:31,0.96
2256,14:17,0.966
2257,10:44,0.948
2258,17:23,0.9
2259,3:17,0.972
2260,7:15,1.06
2261,16:22,1.02
2262,5:46,1.034
2263,1:52,0.966
2264,19:29,0.996
2265,23:39,0.976
2266,8:41,0.942
2267,1:10,0.968
2268,16:00,0.966
2269,19:50,0.952
2270,22:58,1.042
2271,9:22,0.964
2272,0:28,0.984
2273,5:04,1.004
2274,22:17,1.014
2275,9:01,0.948
2276,4:21,0.97
2277,12:33,1.008
2278,15:17,0.992
2279,12:12,1.1
2280,0:07,0.906
2281,4:43,0.992
2282,23:19,0.95
2283,11:28,0.956
2284,3:38,0.974
2285,16:42,0.938
2286,10:24,1.024
2287,0:49,0.96
2288,14:37,0.97
2289,20:10,0.954
2290,5:24,0.884
2291,21:16,1.064
2292,17:44,0.968
2293,9:42,0.916
2294,13:56,0.944
2295,10:03,0.976
2296,6:08,1.028
2297,4:01,1.04
2298,13:15,0.95
2299,22:36,0.868
2300,2:12,0.974
2301,8:00,1.05
2302,11:48,0.96
2303,14:56,0.856
2304,18:47,0.99
2305,21:36,0.946
2306,20:53,0.976
2307,6:30,1.03
2308,17:04,1.002
2309,13:36,0.966
2310,13:55,2.36
2311,1:45,0.878
2312,12:06,3.104
2313,17:44,3.928
2314,9:21,8.036
2315,5:31,0.986
2316,21:33,6.296
2317,20:30,6.184
2318,23:38,4.968
2319,11:04,9.054
2320,7:57,0.936
2321,4:09,0.892
2322,0:01,1.024
2323,5:10,0.93
2324,8:40,8.722
2325,19:06,4.99
2326,22:15,6.016
2327,2:07,1.026
2328,16:00,1.768
2329,7:36,0.976
2330,1:06,2.1
2331,16:21,1.476
2332,23:58,0.926
2333,20:07,5.568
2334,17:23,2.362
2335,14:16,2.098
2336,7:16,0.972
2337,10:21,5.512
2338,2:46,0.884
2339,21:12,6.414
2340,19:47,4.542
2341,22:55,6.51
2342,14:57,1.878
2343,12:28,2.128
2344,8:59,8.872
2345,17:02,3.31
2346,3:29,0.936
2347,11:46,1.704
2348,8:20,6.134
2349,1:26,0.928
2350,20:51,6.25
2351,21:54,5.824
2352,4:30,0.974
2353,14:38,1.038
2354,18:05,4.396
2355,11:27,3.226
2356,15:18,1.444
2357,13:13,1.616
2358,2:27,0.88
2359,4:50,0.912
2360,18:26,2.814
2361,15:39,1.6
2362,12:51,1.924
2363,18:45,4.12
2364,5:51,0.91
2365,3:08,1.06
2366,9:41,6.76
2367,23:16,6.166
2368,6:13,1.046
2369,3:49,0.956
2370,13:33,1.614
2371,6:55,0.884
2372,0:21,0.888
2373,19:26,4.578
2374,16:41,2.636
2375,22:34,5.056
2376,6:35,1.01
2377,10:01,5.392
2378,9:35,1.0
2379,6:10,0.92
2380,2:20,0.964
2381,17:57,1.07
2382,13:33,0.984
2383,16:05,1.022
2384,3:47,1.002
2385,10:59,1.016
2386,22:37,1.066
2387,20:48,1.964
2388,17:34,1.006
2389,12:05,2.122
2390,22:59,0.962
2391,6:30,0.946
2392,1:39,0.914
2393,19:01,1.002
2394,7:31,0.956
2395,4:08,0.944
2396,22:15,0.976
2397,21:54,0.944
2398,15:01,1.038
2399,12:29,1.07
2400,1:59,0.968
2401,8:54,1.016
2402,5:30,0.904
2403,0:19,0.946
2404,10:37,0.936
2405,18:39,1.956
2406,5:50,0.932
2407,21:34,1.056
2408,5:10,0.956
2409,1:18,0.918
2410,21:11,1.084
2411,10:17,0.994
2412,16:49,1.004
2413,8:33,0.964
2414,4:49,0.932
2415,0:38,0.91
2416,0:38,0.91
2417,14:38,2.01
2418,8:12,0.958
2419,4:29,0.954
2420,20:06,1.012
2421,7:50,0.906
2422,0:59,0.922
2423,11:20,0.984
2424,17:12,1.076
2425,9:56,0.988
2426,6:50,0.938
2427,3:01,1.774
2428,15:43,0.928
2429,13:12,0.934
2430,7:10,0.916
2431,3:26,1.138
2432,19:44,2.038
2433,16:27,1.02
2434,13:55,1.04
2435,23:39,1.904
2436,15:23,1.046
2437,12:51,1.096
2438,9:13,0.896
2439,23:59,0.96
2440,17:55,2.54
2441,8:03,1.524
2442,4:32,1.002
2443,0:21,0.98
2444,11:34,15.456
2445,14:20,0.912
2446,8:46,9.112
2447,4:10,0.952
2448,21:30,5.968
2449,17:31,2.888
2450,19:21,4.426
2451,15:04,2.59
2452,7:20,1.012
2453,2:26,0.988
2454,2:48,1.06
2455,20:27,6.512
2456,11:53,4.006
2457,15:46,1.014
2458,13:41,1.832
2459,3:50,0.888
2460,6:59,0.996
2461,10:32,6.468
2462,12:59,7.852
2463,9:50,7.136
2464,5:13,0.918
2465,16:05,0.904
2466,18:40,3.664
2467,5:34,0.968
2468,10:09,5.76
2469,0:41,0.92
2470,22:57,6.57
2471,19:43,4.694
2472,1:42,1.912
2473,5:55,0.96
2474,9:27,8.056
2475,8:25,9.708
2476,3:10,0.98
2477,20:03,5.376
2478,14:01,1.88
2479,23:42,6.296
2480,21:50,5.382
2481,18:19,3.498
2482,6:37,0.976
2483,2:04,1.032
2484,23:17,6.116
2485,17:08,1.304
2486,20:48,5.968
2487,13:21,3.788
2488,16:47,1.416
2489,22:33,5.694
2490,22:13,6.894
2491,16:25,0.932
2492,12:14,3.558
2493,7:42,1.008
2494,3:30,0.972
2495,19:00,4.094
2496,15:24,0.928
2497,6:16,0.952
2498,9:08,8.692
2499,21:09,5.4
2500,1:00,0.896
2501,4:54,0.992
2502,18:56,4.962
2503,11:13,2.188
2504,2:54,0.944
2505,7:33,0.984
2506,21:49,5.096
2507,13:23,1.776
2508,3:34,0.908
2509,11:35,1.912
2510,7:55,8.144
2511,6:30,1.096
2512,1:07,0.966
2513,23:41,2.908
2514,18:11,4.808
2515,14:53,2.064
2516,10:50,3.306
2517,0:46,0.962
2518,6:50,0.924
2519,21:06,4.702
2520,1:50,0.97
2521,10:28,4.074
2522,14:08,1.048
2523,22:12,5.338
2524,22:34,5.938
2525,19:18,6.03
2526,15:37,0.962
2527,3:53,0.9
2528,7:12,1.0
2529,20:22,7.0
2530,2:12,1.0
2531,9:23,5.178
2532,2:34,1.018
2533,5:21,1.184
2534,17:48,3.688
2535,12:38,2.002
2536,3:14,0.896
2537,13:45,1.052
2538,16:41,1.986
2539,9:02,6.62
2540,4:56,0.978
2541,21:28,5.906
2542,13:00,1.014
2543,18:33,4.852
2544,15:58,1.002
2545,10:06,5.276
2546,1:28,1.022
2547,4:34,0.924
2548,20:02,11.244
2549,17:26,1.864
2550,20:43,6.868
2551,23:19,6.204
2552,9:44,4.818
2553,0:01,0.9
2554,4:14,0.974
2555,6:07,1.048
2556,17:03,1.074
2557,22:57,5.92
2558,8:41,15.416
2559,5:44,1.044
2560,0:25,1.058
2561,15:16,1.08
2562,11:55,3.316
2563,13:45,0.984
2564,13:24,0.882
2565,12:42,1.004
2566,13:04,0.992
2567,14:06,0.924
2568,14:26,0.914
2569,15:05,0.844
2570,14:47,0.964
2571,15:26,0.9
2572,20:29,0.898
2573,20:50,0.956
2574,19:28,0.896
2575,20:09,1.898
2576,21:50,0.936
2577,22:10,0.932
2578,21:29,0.848
2579,21:10,0.96
2580,22:31,0.914
2581,17:46,2.89
2582,18:07,0.916
2583,18:27,0.896
2584,19:07,1.826
2585,16:41,1.508
2586,16:07,0.852
2587,15:48,1.036
2588,23:10,0.904
2589,22:51,0.942
2590,23:30,0.902
2591,23:51,0.95
2592,3:15,0.952
2593,0:47,1.0
2594,0:25,1.014
2595,0:03,0.996
2596,1:28,0.988
2597,1:06,0.882
2598,1:49,0.968
2599,2:11,1.05
2600,2:54,1.036
2601,2:32,0.962
2602,7:34,0.984
2603,6:51,1.1
2604,7:12,0.986
2605,9:04,1.06
2606,8:41,1.074
2607,7:56,1.036
2608,8:17,0.986
2609,9:26,1.038
2610,6:28,1.02
2611,5:01,0.99
2612,5:23,1.006
2613,5:43,0.898
2614,6:05,1.066
2615,4:18,0.992
2616,4:40,0.986
2617,3:57,0.936
2618,3:36,0.964
2619,12:20,1.016
2620,11:14,1.012
2621,10:52,1.082
2622,11:37,1.028
2623,11:58,0.996
2624,10:29,0.99
2625,9:46,0.932
2626,10:08,0.97
2627,11:37,4.03
2628,8:30,15.106
2629,4:42,0.968
2630,2:14,0.874
2631,20:55,5.92
2632,22:21,6.816
2633,4:22,0.944
2634,11:16,8.896
2635,13:42,0.964
2636,14:24,1.02
2637,7:48,0.942
2638,4:01,1.13
2639,23:02,6.384
2640,21:39,5.9
2641,23:23,5.76
2642,2:34,0.916
2643,9:30,6.76
2644,15:52,1.02
2645,16:32,0.86
2646,10:10,10.516
2647,13:21,0.928
2648,13:21,0.928
2649,6:25,0.93
2650,5:03,0.942
2651,22:40,5.944
2652,15:07,1.016
2653,12:40,3.144
2654,9:09,6.808
2655,6:04,0.952
2656,3:16,0.916
2657,22:00,5.712
2658,8:49,8.102
2659,11:58,2.896
2660,5:23,0.916
2661,2:56,1.024
2662,21:16,5.292
2663,18:44,1.282
2664,3:36,0.922
2665,10:32,5.152
2666,7:27,0.97
2667,19:29,5.276
2668,15:30,1.084
2669,15:30,1.084
2670,20:34,5.14
2671,6:46,0.964
2672,1:12,0.9
2673,17:39,3.088
2674,14:02,0.94
2675,7:06,0.93
2676,0:32,1.888
2677,16:13,1.012
2678,0:53,0.936
2679,14:44,0.944
2680,18:23,2.046
2681,13:01,2.46
2682,5:44,0.962
2683,20:12,4.01
2684,1:55,1.93
2685,19:51,2.626
2686,12:18,2.93
2687,23:43,5.724
2688,7:59,7.21
2689,7:59,7.21
2690,3:29,1.828
2691,15:40,1.74
2692,18:31,1.11
2693,11:48,2.898
2694,12:50,3.432
2695,21:19,8.0
2696,23:02,9.132
2697,5:11,1.844
2698,1:44,0.96
2699,10:46,4.908
2700,12:30,2.516
2701,6:12,4.994
2702,21:40,4.444
2703,20:37,4.056
2704,17:46,0.892
2705,11:29,4.34
2706,14:58,2.088
2707,6:56,2.21
2708,17:27,0.97
2709,12:10,4.058
2710,14:38,1.802
2711,0:44,0.938
2712,23:43,4.872
2713,1:23,0.912
2714,19:13,2.318
2715,16:43,0.922
2716,13:34,2.248
2717,10:06,5.674
2718,4:51,1.796
2719,1:04,0.956
2720,23:22,3.504
2721,20:15,3.462
2722,6:33,2.034
2723,2:48,0.952
2724,7:39,5.736
2725,4:30,1.738
2726,4:10,0.928
2727,0:23,3.588
2728,10:26,4.61
2729,18:52,2.718
2730,22:21,3.876
2731,17:06,1.056
2732,5:31,1.748
2733,22:01,4.48
2734,19:55,6.314
2735,14:16,5.526
2736,3:09,1.672
2737,9:04,7.878
2738,0:02,4.694
2739,3:51,2.058
2740,7:18,2.098
2741,9:45,11.83
2742,18:07,0.974
2743,15:20,2.276
2744,8:43,7.424
2745,13:13,4.052
2746,2:28,1.956
2747,11:08,5.004
2748,16:23,2.004
2749,8:20,7.89
2750,2:05,0.988
2751,22:48,4.908
2752,17:33,2.522
2753,14:47,1.926
2754,1:27,1.516
2755,4:19,2.866
2756,9:12,3.176
2757,8:51,3.888
2758,2:51,2.112
2759,5:43,2.566
2760,17:56,3.858
2761,21:02,5.246
2762,12:03,3.352
2763,8:09,3.604
2764,3:57,2.058
2765,19:36,5.34
2766,1:07,1.004
2767,4:40,1.856
2768,18:15,3.226
2769,21:23,5.44
2770,9:33,1.056
2771,7:05,3.08
2772,11:40,2.166
2773,15:08,1.856
2774,14:05,2.156
2775,0:24,4.068
2776,20:22,5.896
2777,23:09,5.508
2778,11:20,2.03
2779,14:28,3.394
2780,8:30,3.706
2781,20:43,6.386
2782,20:43,6.386
2783,23:50,5.234
2784,18:55,4.554
2785,16:34,0.984
2786,16:34,0.984
2787,3:33,1.772
2788,10:36,1.0
2789,7:24,2.04
2790,22:25,4.796
2791,10:15,0.916
2792,16:12,2.896
2793,6:24,2.252
2794,9:55,1.028
2795,2:28,1.74
2796,6:43,2.248
2797,13:44,1.94
2798,16:53,2.548
2799,15:52,1.578
2800,13:01,3.738
2801,1:48,1.584
2802,5:24,2.61
2803,2:08,1.724
2804,19:16,4.904
2805,12:24,2.19
2806,22:04,6.326
2807,7:47,2.986
2808,0:02,3.424
2809,17:14,3.46
2810,19:58,5.618
2811,23:28,4.914
2812,6:03,1.92
2813,3:13,1.916
2814,18:35,3.522
2815,13:22,1.984
2816,0:45,1.92
2817,21:42,6.404
2818,15:30,1.964
2819,5:02,1.944
2820,15:33,1.042
2821,10:01,3.832
2822,11:22,1.78
2823,8:36,5.474
2824,20:21,0.204
2825,23:28,4.874
2826,6:09,3.234
2827,2:36,1.93
2828,12:01,0.908
2829,14:30,0.974
2830,12:44,0.936
2831,1:34,1.408
2832,5:25,1.868
2833,8:57,5.41
2834,2:58,1.79
2835,14:09,0.902
2836,21:03,3.882
2837,10:40,1.22
2838,7:55,5.268
2839,4:45,3.052
2840,1:12,1.088
2841,1:12,1.088
2842,19:00,3.164
2843,7:15,2.104
2844,11:01,0.944
2845,15:53,0.944
2846,18:00,7.982
2847,9:37,3.286
2848,14:50,0.928
2849,5:46,1.774
2850,3:18,1.812
2851,21:22,4.236
2852,22:48,4.802
2853,20:01,0.096
2854,11:41,0.876
2855,0:10,4.626
2856,3:42,2.0
2857,13:29,1.072
2858,16:56,1.858
2859,8:15,4.95
2860,2:14,1.716
2861,5:04,1.72
2862,20:42,3.866
2863,23:09,4.984
2864,6:53,2.012
2865,1:55,1.236
2866,18:39,1.812
2867,15:10,0.926
2868,12:24,1.088
2869,0:29,3.612
2870,9:18,4.774
2871,4:03,1.848
2872,21:42,4.028
2873,18:19,0.898
2874,6:30,2.132
2875,23:49,4.662
2876,13:50,0.946
2877,19:40,2.676
2878,22:25,4.42
2879,10:20,1.99
2880,16:14,1.014
2881,4:23,1.796
2882,7:36,3.812
2883,0:49,0.918
2884,13:06,1.008
2885,16:35,0.958
2886,19:21,2.352
2887,22:03,4.15
2888,21:56,5.266
2889,19:04,4.556
2890,19:04,4.556
2891,7:24,2.098
2892,5:16,1.76
2893,1:34,1.02
2894,9:36,4.652
2895,13:48,1.012
2896,16:59,0.94
2897,1:12,0.924
2898,18:20,1.928
2899,3:14,0.94
2900,6:41,2.612
2901,15:59,1.112
2902,9:57,3.818
2903,12:46,0.974
2904,16:38,0.896
2905,13:26,0.966
2906,20:12,10.15
2907,9:14,5.386
2908,0:53,1.018
2909,0:53,0.0
2910,22:56,6.328
2911,18:43,4.076
2912,15:35,0.94
2913,8:09,7.314
2914,10:16,3.042
2915,1:54,0.878
2916,6:17,2.232
2917,13:06,0.864
2918,23:15,5.804
2919,15:15,0.966
2920,12:25,0.942
2921,5:37,1.726
2922,11:22,0.988
2923,14:32,1.124
2924,0:11,4.118
2925,4:14,3.446
2926,22:35,6.3
2927,2:54,1.66
2928,7:02,1.86
2929,21:16,5.968
2930,18:00,1.93
2931,14:54,1.046
2932,8:31,5.826
2933,3:33,1.518
2934,16:19,0.912
2935,19:29,5.072
2936,10:38,2.456
2937,2:33,0.9
2938,2:14,0.946
2939,21:36,5.114
2940,23:35,7.512
2941,20:54,6.562
2942,12:05,1.096
2943,14:07,0.89
2944,8:50,5.008
2945,5:57,1.904
2946,4:34,1.504
2947,7:44,6.044
2948,11:00,2.152
2949,22:15,6.12
2950,20:32,4.376
2951,23:58,5.418
2952,17:18,1.758
2953,11:42,0.92
2954,4:56,1.398
2955,0:30,1.968
2956,3:08,1.204
2957,7:20,7.352
2958,21:17,5.076
2959,15:00,1.032
2960,0:41,0.976
2961,21:58,5.252
2962,4:31,1.708
2963,1:03,1.016
2964,8:22,6.628
2965,13:32,1.076
2966,11:06,3.068
2967,20:34,3.84
2968,23:42,3.2
2969,12:29,1.036
2970,8:41,6.916
2971,5:12,1.848
2972,1:45,0.876
2973,11:27,3.248
2974,3:47,1.47
2975,15:19,0.92
2976,13:56,1.108
2977,9:23,6.048
2978,5:34,0.982
2979,3:27,1.188
2980,16:21,0.888
2981,19:09,2.86
2982,22:41,10.8
2983,20:54,5.064
2984,12:48,0.94
2985,9:42,5.312
2986,6:18,1.752
2987,19:32,4.732
2988,2:47,0.976
2989,4:53,1.64
2990,14:17,0.964
2991,17:03,0.976
2992,10:03,5.9
2993,6:37,3.344
2994,4:08,0.956
2995,21:37,5.032
2996,15:41,1.004
2997,13:10,0.984
2998,8:01,14.976
2999,18:28,8.436
3000,18:49,2.696
3001,1:26,1.068
3002,14:38,0.96
3003,6:59,8.752
3004,12:06,0.892
3005,9:02,6.196
3006,5:56,1.724
3007,23:23,5.488
3008,23:03,5.532
3009,20:15,4.532
3010,11:47,0.928
3011,2:26,0.948
3012,19:54,3.752
3013,10:45,9.332
3014,16:01,0.964
3015,2:06,0.964
3016,16:43,1.044
3017,0:19,3.066
3018,6:21,1.032
3019,2:53,1.072
3020,14:07,1.92
3021,8:03,0.972
3022,5:15,0.888
3023,21:12,0.864
3024,21:55,1.032
3025,15:19,1.124
3026,18:27,1.172
3027,11:36,0.944
3028,0:25,0.992
3029,4:56,1.004
3030,0:44,0.892
3031,8:25,1.012
3032,16:00,0.936
3033,22:15,0.912
3034,19:10,0.876
3035,14:30,1.012
3036,5:36,0.956
3037,5:36,0.956
3038,2:07,0.976
3039,17:42,1.808
3040,7:22,0.948
3041,10:49,0.928
3042,18:01,0.856
3043,21:33,0.948
3044,1:46,0.952
3045,7:42,0.912
3046,11:15,1.168
3047,14:54,1.132
3048,1:04,0.876
3049,4:14,0.9
3050,15:39,0.904
3051,19:53,1.024
3052,23:43,1.028
3053,22:57,0.984
3054,9:07,0.896
3055,3:14,0.96
3056,5:58,1.0
3057,17:02,1.02
3058,13:25,0.996
3059,9:28,0.948
3060,4:34,0.92
3061,1:24,0.944
3062,20:12,0.868
3063,16:40,0.916
3064,13:03,1.02
3065,9:49,1.016
3066,23:20,1.088
3067,19:30,0.92
3068,12:40,2.956
3069,8:47,1.032
3070,3:54,0.948
3071,7:01,0.956
3072,3:34,0.912
3073,0:04,2.48
3074,16:19,0.872
3075,10:29,0.9
3076,20:53,1.876
3077,10:10,0.928
3078,6:41,0.912
3079,2:30,1.072
3080,22:35,0.892
3081,18:50,1.072
3082,5:38,0.968
3083,21:32,2.38
3084,17:45,0.944
3085,9:45,4.352
3086,6:19,0.956
3087,1:46,1.868
3088,16:03,0.896
3089,12:14,0.972
3090,18:45,0.94
3091,5:58,0.916
3092,2:48,0.888
3093,9:06,5.408
3094,15:03,0.916
3095,13:59,0.928
3096,19:29,2.304
3097,6:39,0.948
3098,10:29,3.972
3099,3:32,1.06
3100,22:52,4.844
3101,9:26,5.204
3102,5:17,0.916
3103,12:56,1.004
3104,10:05,3.432
3105,0:02,0.872
3106,3:51,0.856
3107,15:23,0.936
3108,0:42,0.888
3109,4:33,1.924
3110,22:11,2.696
3111,8:24,5.212
3112,2:07,0.972
3113,17:25,1.956
3114,14:44,1.044
3115,11:33,1.384
3116,8:05,7.424
3117,16:43,0.9
3118,13:38,1.972
3119,11:11,2.488
3120,23:32,5.124
3121,20:29,2.792
3122,20:08,2.84
3123,22:32,3.756
3124,16:24,0.956
3125,7:41,6.212
3126,0:23,0.94
3127,18:06,0.932
3128,11:53,1.7
3129,4:57,1.068
3130,8:45,5.38
3131,21:10,2.112
3132,2:28,1.012
3133,20:51,3.584
3134,23:12,4.916
3135,19:06,2.088
3136,14:21,1.012
3137,7:00,0.992
3138,1:04,1.028
3139,21:52,3.956
3140,18:26,0.936
3141,15:44,0.96
3142,12:34,0.96
3143,10:50,2.16
3144,7:21,3.692
3145,3:10,0.964
3146,19:48,2.824
3147,23:53,2.968
3148,12:22,0.928
3149,9:14,6.02
3150,15:09,0.968
3151,21:47,4.136
3152,18:58,2.132
3153,23:56,3.172
3154,10:40,2.156
3155,15:30,0.968
3156,12:43,0.976
3157,7:28,6.84
3158,20:23,3.076
3159,11:42,1.88
3160,16:54,0.92
3161,14:28,0.996
3162,15:49,0.936
3163,0:14,1.028
3164,18:15,1.868
3165,21:25,4.56
3166,14:48,0.924
3167,10:19,4.372
3168,22:28,4.924
3169,19:20,3.244
3170,12:02,0.928
3171,8:54,6.368
3172,8:10,7.16
3173,11:23,1.972
3174,14:06,0.96
3175,9:35,5.324
3176,16:35,1.076
3177,19:40,3.728
3178,9:55,4.54
3179,17:35,0.924
3180,13:27,1.112
3181,23:33,10.808
3182,21:04,9.356
3183,17:15,0.984
3184,7:48,7.088
3185,13:46,0.872
3186,11:01,3.436
3187,8:32,6.748
3188,22:50,4.964
3189,16:12,1.028
3190,20:03,3.544
3191,22:07,4.34
3192,18:39,1.112
3193,7:07,1.904
3194,13:04,0.96
3195,0:34,0.884
3196,18:35,2.4
3197,14:43,0.964
3198,12:20,2.948
3199,8:36,8.756
3200,0:57,0.588
3201,20:58,5.832
3202,6:31,0.968
3203,15:48,0.996
3204,12:58,0.94
3205,19:15,2.436
3206,22:01,5.396
3207,8:55,7.84
3208,11:38,2.448
3209,3:25,0.908
3210,5:09,0.868
3211,23:24,12.8
3212,17:12,1.04
3213,10:59,3.644
3214,4:50,1.06
3215,1:41,1.044
3216,18:56,2.96
3217,16:49,0.988
3218,10:38,4.324
3219,13:40,0.984
3220,3:45,0.896
3221,20:37,6.016
3222,14:03,1.056
3223,17:33,1.02
3224,4:28,0.98
3225,8:16,9.204
3226,13:18,0.944
3227,16:09,1.016
3228,9:57,6.444
3229,9:17,8.2
3230,5:51,0.956
3231,2:23,0.988
3232,15:27,0.964
3233,3:06,0.964
3234,5:30,0.952
3235,14:23,0.972
3236,22:45,13.804
3237,19:36,3.856
3238,19:36,3.856
3239,16:28,0.9
3240,10:19,5.5
3241,7:35,5.256
3242,4:06,0.972
3243,18:13,0.904
3244,15:06,1.04
3245,9:37,6.512
3246,2:44,1.012
3247,12:38,0.964
3248,6:10,0.884
3249,21:41,6.404
3250,23:45,2.884
3251,19:57,5.54
3252,6:51,0.904
3253,0:16,0.88
3254,7:14,1.076
3255,11:19,3.928
3256,2:01,0.9
3257,20:16,5.88
3258,17:54,0.932
3259,21:19,6.196
3260,7:55,8.748
3261,11:59,1.972
3262,1:19,1.02
3263,15:30,0.904
3264,7:28,6.032
3265,11:01,2.764
3266,15:52,1.056
3267,3:38,0.916
3268,8:11,6.148
3269,6:06,0.98
3270,19:37,1.0
3271,14:51,0.992
3272,12:02,0.696
3273,2:12,0.888
3274,22:44,3.92
3275,7:06,3.824
3276,1:32,0.876
3277,18:55,0.972
3278,0:07,1.02
3279,16:12,0.904
3280,17:55,0.984
3281,9:38,3.94
3282,14:07,0.9
3283,5:24,0.968
3284,0:29,1.028
3285,18:14,0.888
3286,10:00,3.78
3287,2:36,1.076
3288,21:18,2.988
3289,6:25,0.852
3290,2:58,0.996
3291,17:13,0.988
3292,20:16,3.084
3293,23:45,2.852
3294,16:32,0.936
3295,19:15,0.944
3296,13:04,1.04
3297,10:20,2.208
3298,4:17,0.908
3299,22:00,5.132
3300,22:23,1.088
3301,15:10,0.896
3302,9:16,4.976
3303,5:02,1.088
3304,3:57,0.928
3305,12:42,0.896
3306,16:52,0.94
3307,20:36,1.984
3308,8:33,5.924
3309,5:46,0.98
3310,0:51,1.02
3311,11:20,0.888
3312,1:13,0.98
3313,4:39,0.988
3314,7:48,5.784
3315,23:06,3.688
3316,20:58,3.576
3317,11:43,1.056
3318,13:48,1.996
3319,17:34,0.944
3320,1:53,0.952
3321,18:34,0.932
3322,12:23,0.944
3323,3:17,0.892
3324,6:47,1.0
3325,23:25,3.648
3326,14:30,1.04
3327,8:53,4.336
3328,2:32,0.956
3329,6:21,0.912
3330,0:50,0.9
3331,16:48,0.928
3332,20:06,3.088
3333,17:52,0.9
3334,15:07,0.904
3335,10:55,0.884
3336,7:45,0.92
3337,21:51,4.32
3338,5:19,0.924
3339,8:49,0.98
3340,1:11,0.944
3341,18:13,0.984
3342,14:48,0.872
3343,11:17,0.96
3344,14:28,1.016
3345,21:32,3.372
3346,14:06,0.876
3347,22:58,5.28
3348,17:11,1.056
3349,20:50,4.248
3350,7:25,0.996
3351,3:33,0.904
3352,13:47,0.984
3353,10:36,1.112
3354,11:56,0.876
3355,15:28,0.932
3356,9:32,1.048
3357,22:13,4.84
3358,18:34,0.956
3359,16:08,0.884
3360,2:52,0.892
3361,8:27,1.024
3362,23:19,5.056
3363,0:30,1.008
3364,13:03,2.676
3365,7:04,0.876
3366,9:53,0.94
3367,0:08,1.064
3368,21:11,4.288
3369,8:06,0.956
3370,4:18,2.036
3371,1:31,0.936
3372,11:37,0.956
3373,22:34,4.852
3374,19:15,1.18
3375,16:29,0.936
3376,6:01,1.936
3377,15:49,1.024
3378,9:10,0.984
3379,3:14,0.996
3380,4:59,0.972
3381,23:39,4.676
3382,18:55,1.032
3383,4:38,0.916
3384,2:12,1.848
3385,6:44,1.056
3386,10:12,0.884
3387,17:33,1.036
3388,20:26,4.152
3389,13:25,1.036
3390,19:37,0.972
3391,4:10,0.912
3392,13:53,0.968
3393,7:59,6.392
3394,20:59,1.068
3395,18:36,0.968
3396,15:34,0.92
3397,12:31,1.08
3398,4:29,0.888
3399,1:06,0.944
3400,5:12,0.964
3401,2:29,0.94
3402,15:14,0.94
3403,8:59,4.956
3404,5:53,1.024
3405,14:54,1.044
3406,22:44,1.004
3407,13:12,0.984
3408,8:40,6.052
3409,3:08,0.916
3410,5:31,0.888
3411,19:16,0.896
3412,22:02,1.064
3413,15:54,0.952
3414,12:51,0.94
3415,10:44,1.904
3416,0:45,1.0
3417,7:15,1.196
3418,18:15,0.916
3419,6:53,0.912
3420,2:48,0.908
3421,21:19,0.952
3422,0:00,1.096
3423,3:29,0.948
3424,17:56,0.972
3425,4:51,1.004
3426,1:46,0.872
3427,18:57,0.996
3428,22:22,0.964
3429,21:39,0.96
3430,12:08,0.884
3431,1:26,0.948
3432,9:42,3.608
3433,23:05,1.016
3434,14:32,0.88
3435,17:35,0.968
3436,11:49,1.08
3437,6:13,0.896
3438,16:55,2.82
3439,20:16,0.932
3440,14:13,0.94
3441,7:35,6.068
3442,3:50,0.96
3443,0:23,1.064
3444,23:47,0.992
3445,10:04,0.98
3446,6:34,0.928
3447,23:26,0.992
3448,19:56,0.936
3449,13:33,0.948
3450,2:09,1.04
3451,11:26,2.0
3452,8:19,5.74
3453,17:14,0.932
3454,20:37,0.944
3455,12:58,1.48
3456,1:48,0.896
3457,9:01,1.068
3458,17:32,0.856
3459,13:20,1.012
3460,8:38,1.936
3461,3:30,0.88
3462,11:32,1.008
3463,3:11,1.044
3464,7:14,0.92
3465,2:08,0.912
3466,5:52,1.852
3467,13:40,0.908
3468,4:31,0.96
3469,9:24,1.004
3470,0:47,0.94
3471,5:11,1.844
3472,9:44,0.94
3473,1:08,0.944
3474,11:11,0.9
3475,2:49,0.916
3476,16:04,2.088
3477,10:50,2.012
3478,6:33,0.928
3479,1:28,0.952
3480,17:13,1.956
3481,6:55,1.008
3482,14:44,0.992
3483,12:01,1.256
3484,7:56,0.872
3485,4:10,1.836
3486,0:27,1.844
3487,16:31,1.2
3488,2:28,0.956
3489,14:22,0.992
3490,12:23,0.984
3491,6:12,0.944
3492,10:04,0.948
3493,15:07,1.02
3494,14:01,0.94
3495,7:37,1.032
3496,20:24,0.868
3497,22:50,0.948
3498,8:25,0.94
3499,16:59,1.056
3500,14:29,2.052
3501,11:14,0.992
3502,13:20,1.12
3503,19:44,0.924
3504,9:48,0.92
3505,23:09,0.904
3506,20:05,1.016
3507,8:45,0.932
3508,12:36,0.968
3509,15:55,1.14
3510,18:44,0.92
3511,9:29,1.08
3512,20:45,0.992
3513,17:45,1.092
3514,14:49,0.956
3515,10:09,1.008
3516,15:31,1.024
3517,10:53,1.112
3518,23:30,0.988
3519,16:18,1.024
3520,22:30,1.036
3521,19:24,0.952
3522,21:24,0.92
3523,7:26,1.06
3524,11:56,1.036
3525,18:25,0.932
3526,15:10,0.94
3527,16:37,0.924
3528,11:34,0.94
3529,17:22,1.04
3530,13:43,1.072
3531,8:05,0.94
3532,12:56,0.944
3533,21:47,1.068
3534,19:04,0.928
3535,22:08,0.988
3536,9:05,0.956
3537,12:15,0.872
3538,10:29,0.928
3539,7:45,0.912
3540,18:05,0.924
3541,21:05,0.936
3542,23:07,1.064
3543,4:20,0.896
3544,21:19,0.952
3545,9:34,0.94
3546,12:21,1.064
3547,15:49,1.024
3548,11:00,1.044
3549,4:00,1.816
3550,7:53,0.976
3551,15:27,0.948
3552,18:57,0.848
3553,22:25,1.152
3554,13:22,0.972
3555,10:16,2.0
3556,6:07,1.028
3557,20:58,0.92
3558,12:41,0.924
3559,18:17,1.02
3560,21:39,0.968
3561,19:59,0.984
3562,16:51,1.008
3563,13:44,1.024
3564,7:11,1.02
3565,14:45,1.972
3566,9:13,0.92
3567,2:14,0.876
3568,22:44,0.888
3569,20:18,0.88
3570,17:13,1.016
3571,5:03,1.028
3572,0:54,0.952
3573,7:33,1.036
3574,0:34,2.936
3575,14:03,0.912
3576,10:37,1.016
3577,20:39,0.996
3578,17:34,1.016
3579,11:20,0.964
3580,8:13,0.944
3581,5:44,0.964
3582,2:35,0.948
3583,23:29,1.036
3584,2:58,1.028
3585,16:30,1.904
3586,17:55,0.98
3587,15:06,0.992
3588,11:39,0.9
3589,5:23,0.936
3590,1:55,0.956
3591,23:50,1.0
3592,4:40,0.94
3593,1:13,0.876
3594,13:01,0.948
3595,8:34,0.952
3596,19:19,1.012
3597,6:49,1.008
3598,1:35,0.968
3599,11:59,0.904
3600,19:38,0.908
3601,22:01,1.02
3602,8:54,0.948
3603,6:26,0.912
3604,3:21,1.064
3605,18:38,0.976
